rsID,Consequence,IMPACT,Gene,SIFT,PolyPhen,PHENOTYPES
#Uploaded_variation,Consequence,IMPACT,SYMBOL,DOMAINS,miRNA,ALFA_Latin_American_2_AN
rs1801282,missense_variant,MODERATE,PPARG,AFDB-ENSP_mappings:AF-P37231-F1,-,850
rs1801282,missense_variant,MODERATE,PPARG,AFDB-ENSP_mappings:AF-P37231-F1,-,850
rs1801282,"missense_variant,NMD_transcript_variant",MODERATE,PPARG,AFDB-ENSP_mappings:AF-E9PFV3-F1,-,850
rs1801282,"missense_variant,NMD_transcript_variant",MODERATE,PPARG,AFDB-ENSP_mappings:AF-E9PFV3-F1,-,850
rs1801282,missense_variant,MODERATE,PPARG,AFDB-ENSP_mappings:AF-A0A3P3ZKM0-F1,-,850
rs1801282,missense_variant,MODERATE,PPARG,AFDB-ENSP_mappings:AF-A0A3P3ZKM0-F1,-,850
rs1801282,missense_variant,MODERATE,PPARG,-,-,850
rs1801282,missense_variant,MODERATE,PPARG,-,-,850
rs1801282,missense_variant,MODERATE,PPARG,-,-,850
rs1801282,missense_variant,MODERATE,PPARG,-,-,850
rs1801282,missense_variant,MODERATE,PPARG,-,-,850
rs1801282,missense_variant,MODERATE,PPARG,-,-,850
rs3915932,-,-,-,-,-,-
rs2798253,-,-,-,-,-,-
rs6583813,-,-,-,-,-,-
rs11187007,-,-,-,-,-,-
rs2149632,-,-,-,-,-,-
rs11187033,-,-,-,-,-,-
rs10509645,-,-,-,-,-,-
rs2421943,-,-,-,-,-,-
rs11187078,-,-,-,-,-,-
rs6583823,-,-,-,-,-,-
rs2421941,-,-,-,-,-,-
rs3824735,-,-,-,-,-,-
rs10786050,-,-,-,-,-,-
rs11187096,-,-,-,-,-,-
rs10882091,-,-,-,-,-,-
rs7914814,-,-,-,-,-,-
rs10882094,-,-,-,-,-,-
rs10882095,-,-,-,-,-,-
rs10736069,-,-,-,-,-,-
rs7900689,-,-,-,-,-,-
rs6583830,-,-,-,-,-,-
rs10882096,-,-,-,-,-,-
rs11187114,-,-,-,-,-,-
rs6583833,-,-,-,-,-,-
rs7078243,-,-,-,-,-,-
rs4933734,-,-,-,-,-,-
rs7911264,-,-,-,-,-,-
rs2488087,-,-,-,-,-,-
rs10882100,-,-,-,-,-,-
rs1111875,-,-,-,-,-,-
rs12778642,-,-,-,-,-,-
rs5015480,-,-,-,-,-,-
rs10882102,-,-,-,-,-,-
rs11187144,-,-,-,-,-,-
rs7087591,-,-,-,-,-,-
rs10748582,-,-,-,-,-,-
rs7923837,-,-,-,-,-,-
rs7923866,-,-,-,-,-,-
rs2497306,-,-,-,-,-,-
rs2488075,-,-,-,-,-,-
rs2497304,-,-,-,-,-,-
rs7917983,-,-,-,-,-,-
rs7901275,-,-,-,-,-,-
rs11196174,-,-,-,-,-,-
rs11196175,-,-,-,-,-,-
rs6585196,-,-,-,-,-,-
rs7081062,-,-,-,-,-,-
rs10128255,-,-,-,-,-,-
rs4074720,-,-,-,-,-,-
rs4074718,-,-,-,-,-,-
rs17747324,-,-,-,-,-,-
rs7901695,-,-,-,-,-,-
rs4506565,-,-,-,-,-,-
rs7903146,-,-,-,-,-,-
rs11196187,-,-,-,-,-,-
rs10885402,-,-,-,-,-,-
rs6585198,-,-,-,-,-,-
rs12266632,-,-,-,-,-,-
rs4132670,-,-,-,-,-,-
rs6585200,-,-,-,-,-,-
rs6585201,-,-,-,-,-,-
rs7904519,-,-,-,-,-,-
rs10885405,-,-,-,-,-,-
rs10885406,-,-,-,-,-,-
rs10787472,-,-,-,-,-,-
rs7924080,-,-,-,-,-,-
rs12243326,-,-,-,-,-,-
rs7077039,-,-,-,-,-,-
rs7900150,-,-,-,-,-,-
rs7100927,-,-,-,-,-,-
rs7895340,-,-,-,-,-,-
rs11196200,-,-,-,-,-,-
rs11196205,-,-,-,-,-,-
rs10885409,-,-,-,-,-,-
rs12255372,-,-,-,-,-,-
rs12265291,-,-,-,-,-,-
rs11196208,-,-,-,-,-,-
rs7077247,-,-,-,-,-,-
rs12718338,-,-,-,-,-,-
rs11196212,-,-,-,-,-,-
rs12792753,-,-,-,-,-,-
rs7112766,-,-,-,-,-,-
rs1387153,-,-,-,-,-,-
rs11523890,-,-,-,-,-,-
rs10830956,-,-,-,-,-,-
rs10765573,-,-,-,-,-,-
rs7933855,-,-,-,-,-,-
rs7936247,-,-,-,-,-,-
rs11020124,-,-,-,-,-,-
rs2166706,-,-,-,-,-,-
rs10830961,-,-,-,-,-,-
rs10830962,-,-,-,-,-,-
rs9937053,-,-,-,-,-,-
rs9928094,-,-,-,-,-,-
rs9930333,-,-,-,-,-,-
rs9939973,-,-,-,-,-,-
rs9940646,-,-,-,-,-,-
rs9940128,-,-,-,-,-,-
rs1421085,-,-,-,-,-,-
rs9923147,-,-,-,-,-,-
rs9923544,-,-,-,-,-,-
rs1558902,-,-,-,-,-,-
rs11075985,-,-,-,-,-,-
rs1121980,-,-,-,-,-,-
rs7193144,-,-,-,-,-,-
rs8057044,-,-,-,-,-,-
rs17817449,-,-,-,-,-,-
rs8043757,-,-,-,-,-,-
rs11075987,-,-,-,-,-,-
rs8050136,-,-,-,-,-,-
rs8051591,-,-,-,-,-,-
rs9935401,-,-,-,-,-,-
rs3751812,-,-,-,-,-,-
rs9936385,-,-,-,-,-,-
rs9923233,-,-,-,-,-,-
rs11075989,-,-,-,-,-,-
rs11075990,-,-,-,-,-,-
rs9939609,-,-,-,-,-,-
rs7201850,-,-,-,-,-,-
rs7185735,-,-,-,-,-,-
rs9941349,-,-,-,-,-,-
rs9931494,-,-,-,-,-,-
rs17817964,-,-,-,-,-,-
rs9930501,-,-,-,-,-,-
rs9930506,-,-,-,-,-,-
rs9932754,-,-,-,-,-,-
rs9922708,-,-,-,-,-,-
rs9922619,-,-,-,-,-,-
rs8044769,-,-,-,-,-,-
rs12149832,-,-,-,-,-,-
rs11642841,-,-,-,-,-,-
rs6771792,-,-,-,-,-,-
rs11709077,-,-,-,-,-,-
rs1899951,-,-,-,-,-,-
rs4376068,-,-,-,-,-,-
rs6801848,-,-,-,-,-,-
rs4481184,-,-,-,-,-,-
rs11705729,-,-,-,-,-,-
rs11929397,-,-,-,-,-,-
rs7633675,-,-,-,-,-,-
rs4402960,-,-,-,-,-,-
rs7640539,-,-,-,-,-,-
rs7651090,-,-,-,-,-,-
rs6444081,-,-,-,-,-,-
rs7646518,-,-,-,-,-,-
rs7637773,-,-,-,-,-,-
rs4686696,-,-,-,-,-,-
rs6767484,-,-,-,-,-,-
rs11711477,-,-,-,-,-,-
rs1470579,-,-,-,-,-,-
rs6769511,-,-,-,-,-,-
rs9859406,-,-,-,-,-,-
rs1801214,missense_variant,MODERATE,WFS1,"AFDB-ENSP_mappings:AF-O76024-F1,PANTHER:PTHR13098,Transmembrane_helices:TMhelix,Phobius:TRANSMEMBRANE",-,-
rs1801214,missense_variant,MODERATE,WFS1,"AFDB-ENSP_mappings:AF-O76024-F1,PANTHER:PTHR13098,Transmembrane_helices:TMhelix,Phobius:TRANSMEMBRANE",-,-
rs1801214,synonymous_variant,LOW,WFS1,"AFDB-ENSP_mappings:AF-O76024-F1,PANTHER:PTHR13098,Transmembrane_helices:TMhelix,Phobius:TRANSMEMBRANE",-,-
rs1801214,missense_variant,MODERATE,WFS1,"Transmembrane_helices:TMhelix,PANTHER:PTHR13098,Phobius:TRANSMEMBRANE,AFDB-ENSP_mappings:AF-O76024-F1",-,-
rs1801214,missense_variant,MODERATE,WFS1,"Transmembrane_helices:TMhelix,PANTHER:PTHR13098,Phobius:TRANSMEMBRANE,AFDB-ENSP_mappings:AF-O76024-F1",-,-
rs1801214,synonymous_variant,LOW,WFS1,"Transmembrane_helices:TMhelix,PANTHER:PTHR13098,Phobius:TRANSMEMBRANE,AFDB-ENSP_mappings:AF-O76024-F1",-,-
rs1801214,missense_variant,MODERATE,WFS1,"AFDB-ENSP_mappings:AF-H0Y9G5-F1,PANTHER:PTHR13098,Transmembrane_helices:TMhelix,Phobius:TRANSMEMBRANE",-,-
rs1801214,missense_variant,MODERATE,WFS1,"AFDB-ENSP_mappings:AF-H0Y9G5-F1,PANTHER:PTHR13098,Transmembrane_helices:TMhelix,Phobius:TRANSMEMBRANE",-,-
rs1801214,synonymous_variant,LOW,WFS1,"AFDB-ENSP_mappings:AF-H0Y9G5-F1,PANTHER:PTHR13098,Transmembrane_helices:TMhelix,Phobius:TRANSMEMBRANE",-,-
rs1801214,missense_variant,MODERATE,WFS1,"Low_complexity_(Seg):seg,AFDB-ENSP_mappings:AF-A0A669KBF0-F1",-,-
rs1801214,missense_variant,MODERATE,WFS1,"Low_complexity_(Seg):seg,AFDB-ENSP_mappings:AF-A0A669KBF0-F1",-,-
rs1801214,missense_variant,MODERATE,WFS1,"Low_complexity_(Seg):seg,AFDB-ENSP_mappings:AF-A0A669KBF0-F1",-,5320
rs1801214,missense_variant,MODERATE,WFS1,"AFDB-ENSP_mappings:AF-A0A669KAX3-F1,PANTHER:PTHR13098,Transmembrane_helices:TMhelix,Phobius:TRANSMEMBRANE",-,-
rs1801214,missense_variant,MODERATE,WFS1,"AFDB-ENSP_mappings:AF-A0A669KAX3-F1,PANTHER:PTHR13098,Transmembrane_helices:TMhelix,Phobius:TRANSMEMBRANE",-,-
rs1801214,synonymous_variant,LOW,WFS1,"AFDB-ENSP_mappings:AF-A0A669KAX3-F1,PANTHER:PTHR13098,Transmembrane_helices:TMhelix,Phobius:TRANSMEMBRANE",-,-
rs1801214,missense_variant,MODERATE,WFS1,"AFDB-ENSP_mappings:AF-A0A669KAX3-F1,PANTHER:PTHR13098,Transmembrane_helices:TMhelix,Phobius:TRANSMEMBRANE",-,-
rs1801214,missense_variant,MODERATE,WFS1,"AFDB-ENSP_mappings:AF-A0A669KAX3-F1,PANTHER:PTHR13098,Transmembrane_helices:TMhelix,Phobius:TRANSMEMBRANE",-,-
rs1801214,synonymous_variant,LOW,WFS1,"AFDB-ENSP_mappings:AF-A0A669KAX3-F1,PANTHER:PTHR13098,Transmembrane_helices:TMhelix,Phobius:TRANSMEMBRANE",-,-
rs1801214,missense_variant,MODERATE,WFS1,"Transmembrane_helices:TMhelix,PANTHER:PTHR13098,Phobius:TRANSMEMBRANE,AFDB-ENSP_mappings:AF-O76024-F1",-,-
rs1801214,missense_variant,MODERATE,WFS1,"Transmembrane_helices:TMhelix,PANTHER:PTHR13098,Phobius:TRANSMEMBRANE,AFDB-ENSP_mappings:AF-O76024-F1",-,-
rs1801214,synonymous_variant,LOW,WFS1,"Transmembrane_helices:TMhelix,PANTHER:PTHR13098,Phobius:TRANSMEMBRANE,AFDB-ENSP_mappings:AF-O76024-F1",-,-
rs1801214,missense_variant,MODERATE,WFS1,-,-,-
rs1801214,missense_variant,MODERATE,WFS1,-,-,-
rs1801214,synonymous_variant,LOW,WFS1,-,-,-
rs1801214,missense_variant,MODERATE,WFS1,-,-,-
rs1801214,missense_variant,MODERATE,WFS1,-,-,-
rs1801214,synonymous_variant,LOW,WFS1,-,-,-
rs4580722,-,-,-,-,-,-
rs9348440,-,-,-,-,-,-
rs6456364,-,-,-,-,-,-
rs9295474,-,-,-,-,-,-
rs2328545,-,-,-,-,-,-
rs9368216,-,-,-,-,-,-
rs4712522,-,-,-,-,-,-
rs4712523,-,-,-,-,-,-
rs4710940,-,-,-,-,-,-
rs6906327,-,-,-,-,-,-
rs6456367,-,-,-,-,-,-
rs6456368,-,-,-,-,-,-
rs6456369,-,-,-,-,-,-
rs10946398,-,-,-,-,-,-
rs7774594,-,-,-,-,-,-
rs7754840,-,-,-,-,-,-
rs9460544,-,-,-,-,-,-
rs9460545,-,-,-,-,-,-
rs4712525,-,-,-,-,-,-
rs4712526,-,-,-,-,-,-
rs9460546,-,-,-,-,-,-
rs742642,-,-,-,-,-,-
rs7748382,-,-,-,-,-,-
rs7772603,-,-,-,-,-,-
rs7752780,-,-,-,-,-,-
rs7752906,-,-,-,-,-,-
rs9358356,-,-,-,-,-,-
rs9356743,-,-,-,-,-,-
rs9368219,-,-,-,-,-,-
rs1569699,-,-,-,-,-,-
rs7756992,-,-,-,-,-,-
rs9350271,-,-,-,-,-,-
rs9356744,-,-,-,-,-,-
rs7766070,-,-,-,-,-,-
rs9368222,-,-,-,-,-,-
rs10440833,-,-,-,-,-,-
rs2206734,-,-,-,-,-,-
rs6931514,-,-,-,-,-,-
rs11753081,-,-,-,-,-,-
rs1040558,-,-,-,-,-,-
rs9295478,-,-,-,-,-,-
rs2328548,-,-,-,-,-,-
rs6935599,-,-,-,-,-,-
rs9465871,-,-,-,-,-,-
rs10946403,-,-,-,-,-,-
rs2328549,-,-,-,-,-,-
rs9358357,-,-,-,-,-,-
rs9368224,-,-,-,-,-,-
rs9358358,-,-,-,-,-,-
rs9460550,-,-,-,-,-,-
rs12110493,-,-,-,-,-,-
rs9356746,-,-,-,-,-,-
rs9368226,-,-,-,-,-,-
rs12111351,-,-,-,-,-,-
rs9356747,-,-,-,-,-,-
rs9356748,-,-,-,-,-,-
rs7767391,-,-,-,-,-,-
rs7747752,-,-,-,-,-,-
rs864745,-,-,-,-,-,-
rs849142,-,-,-,-,-,-
rs1635852,-,-,-,-,-,-
rs1635853,-,-,-,-,-,-
rs849133,-,-,-,-,-,-
rs849134,-,-,-,-,-,-
rs849135,-,-,-,-,-,-
rs849335,-,-,-,-,-,-
rs849336,-,-,-,-,-,-
rs849327,-,-,-,-,-,-
rs498475,-,-,-,-,-,-
rs13234269,-,-,-,-,-,-
rs13230111,-,-,-,-,-,-
rs13233731,-,-,-,-,-,-
rs10954284,-,-,-,-,-,-
rs13266634,synonymous_variant,LOW,SLC30A8,"AFDB-ENSP_mappings:AF-Q8IWU4-F1,Phobius:CYTOPLASMIC_DOMAIN,PANTHER:PTHR11562,Superfamily:SSF160240,NCBIFAM:TIGR01297",-,-
rs13266634,missense_variant,MODERATE,SLC30A8,"AFDB-ENSP_mappings:AF-Q8IWU4-F1,Phobius:CYTOPLASMIC_DOMAIN,PANTHER:PTHR11562,Superfamily:SSF160240,NCBIFAM:TIGR01297",-,2898
rs13266634,synonymous_variant,LOW,SLC30A8,"PDB-ENSP_mappings:6xpd.A,PDB-ENSP_mappings:6xpd.B,PDB-ENSP_mappings:6xpe.A,PDB-ENSP_mappings:6xpe.B,PDB-ENSP_mappings:6xpf.A,PDB-ENSP_mappings:6xpf.B,AFDB-ENSP_mappings:AF-Q8IWU4-F1,Phobius:CYTOPLASMIC_DOMAIN,PANTHER:PTHR11562,Superfamily:SSF160240,NCBIFAM:TIGR01297",-,-
rs13266634,missense_variant,MODERATE,SLC30A8,"PDB-ENSP_mappings:6xpd.A,PDB-ENSP_mappings:6xpd.B,PDB-ENSP_mappings:6xpe.A,PDB-ENSP_mappings:6xpe.B,PDB-ENSP_mappings:6xpf.A,PDB-ENSP_mappings:6xpf.B,AFDB-ENSP_mappings:AF-Q8IWU4-F1,Phobius:CYTOPLASMIC_DOMAIN,PANTHER:PTHR11562,Superfamily:SSF160240,NCBIFAM:TIGR01297",-,2898
rs13266634,synonymous_variant,LOW,SLC30A8,"AFDB-ENSP_mappings:AF-Q8IWU4-F1,Phobius:CYTOPLASMIC_DOMAIN,PANTHER:PTHR11562,Superfamily:SSF160240,NCBIFAM:TIGR01297",-,-
rs13266634,missense_variant,MODERATE,SLC30A8,"AFDB-ENSP_mappings:AF-Q8IWU4-F1,Phobius:CYTOPLASMIC_DOMAIN,PANTHER:PTHR11562,Superfamily:SSF160240,NCBIFAM:TIGR01297",-,2898
rs13266634,synonymous_variant,LOW,SLC30A8,"AFDB-ENSP_mappings:AF-Q8IWU4-F1,Phobius:CYTOPLASMIC_DOMAIN,PANTHER:PTHR11562,Superfamily:SSF160240,NCBIFAM:TIGR01297",-,-
rs13266634,missense_variant,MODERATE,SLC30A8,"AFDB-ENSP_mappings:AF-Q8IWU4-F1,Phobius:CYTOPLASMIC_DOMAIN,PANTHER:PTHR11562,Superfamily:SSF160240,NCBIFAM:TIGR01297",-,2898
rs13266634,synonymous_variant,LOW,SLC30A8,-,-,-
rs13266634,missense_variant,MODERATE,SLC30A8,-,-,2898
rs13266634,synonymous_variant,LOW,SLC30A8,-,-,-
rs13266634,missense_variant,MODERATE,SLC30A8,-,-,2898
rs13266634,synonymous_variant,LOW,SLC30A8,-,-,-
rs13266634,missense_variant,MODERATE,SLC30A8,-,-,2898
rs13266634,synonymous_variant,LOW,SLC30A8,-,-,-
rs13266634,missense_variant,MODERATE,SLC30A8,-,-,2898
rs13266634,synonymous_variant,LOW,SLC30A8,-,-,-
rs13266634,missense_variant,MODERATE,SLC30A8,-,-,2898
rs13266634,synonymous_variant,LOW,SLC30A8,-,-,-
rs13266634,missense_variant,MODERATE,SLC30A8,-,-,2898
rs3802177,-,-,-,-,-,-
rs11558471,-,-,-,-,-,-
rs11774700,-,-,-,-,-,-
rs7020996,-,-,-,-,-,-
rs2383208,-,-,-,-,-,-
rs10965250,-,-,-,-,-,-
rs10811661,-,-,-,-,-,-
rs1333051,-,-,-,-,-,-
